Stars,Year of Release,Price,Screen Size,System Memory (RAM),Brand_Group_Apple,Brand_Group_Gaming,Brand_Group_Mainstream,Operating System_chrome,Operating System_mac,Operating System_windows,Backlit Keyboard_No,Backlit Keyboard_Yes
4.2,2022.0,149.99,14.0,4.0,0,0,1,0,0,1,1,0
4.6,2023.0,749.99,14.0,16.0,0,0,1,0,0,1,0,1
4.7,2022.0,429.99,15.6,8.0,0,0,1,0,0,1,1,0
4.5,2021.0,649.99,15.6,16.0,0,0,1,0,0,1,1,0
4.4,2022.0,149.0,14.0,4.0,0,0,1,1,0,0,1,0
4.8,2023.0,749.99,16.0,16.0,0,0,1,0,0,1,0,1
4.7,2023.0,399.99,17.3,8.0,0,0,1,0,0,1,1,0
4.5,2022.0,379.99,14.0,8.0,0,0,1,0,0,1,1,0
4.8,2020.0,749.99,13.3,8.0,1,0,0,0,1,0,0,1
4.7,2023.0,479.99,15.6,8.0,0,0,1,0,0,1,0,1
3.3,2023.0,329.99,15.6,8.0,0,0,1,0,0,1,1,0
4.8,2023.0,549.99,16.0,8.0,0,0,1,0,0,1,0,1
4.6,2023.0,629.99,15.6,8.0,0,0,1,0,0,1,0,1
3.8,2022.0,229.99,15.6,4.0,0,0,1,0,0,1,1,0
4.9,2023.0,1799.0,14.2,16.0,1,0,0,0,1,0,0,1
4.5,2022.0,249.0,14.0,4.0,0,0,1,1,0,0,1,0
4.3,2022.0,1100.99,16.0,16.0,0,0,1,0,0,1,0,1
4.7,2023.0,749.99,15.6,16.0,0,0,1,0,0,1,0,1
4.5,2022.0,249.0,14.0,4.0,0,0,1,1,0,0,1,0
4.8,2023.0,2899.0,14.2,32.0,1,0,0,0,1,0,0,1
4.8,2023.0,1299.99,16.0,16.0,0,0,1,0,0,1,0,1
4.5,2023.0,279.0,12.2,4.0,0,0,1,1,0,0,1,0
4.7,2023.0,479.99,15.6,8.0,0,0,1,0,0,1,0,1
4.9,2023.0,1799.0,14.2,16.0,1,0,0,0,1,0,0,1
4.6,2023.0,899.99,14.5,16.0,0,0,1,0,0,1,0,1
4.5,2022.0,1359.99,16.0,32.0,0,0,1,0,0,1,0,1
4.7,2022.0,429.99,15.6,8.0,0,0,1,0,0,1,1,0
4.9,2023.0,1349.99,17.3,16.0,0,0,1,0,0,1,0,1
4.1,2023.0,1299.99,14.0,16.0,0,1,0,0,0,1,0,1
4.8,2021.0,1399.99,14.4,16.0,0,0,1,0,0,1,0,1
4.6,2022.0,189.0,14.0,4.0,0,0,1,1,0,0,1,0
4.2,2022.0,189.99,11.6,4.0,0,0,1,0,0,1,1,0
4.4,2022.0,1299.99,17.3,16.0,0,1,0,0,0,1,0,1
4.5,2022.0,1049.99,13.4,32.0,0,0,1,0,0,1,0,1
4.3,2023.0,799.99,15.6,8.0,0,1,0,0,0,1,0,1
4.7,2022.0,429.99,15.6,8.0,0,0,1,0,0,1,1,0
4.5,2022.0,479.99,15.6,8.0,0,0,1,0,0,1,0,1
4.6,2022.0,699.99,16.0,8.0,0,0,1,0,0,1,0,1
4.8,2023.0,999.99,15.6,32.0,0,1,0,0,0,1,0,1
4.6,2022.0,499.99,15.6,8.0,0,0,1,0,0,1,1,0
4.7,2023.0,1149.99,16.1,16.0,0,1,0,0,0,1,0,1
4.7,2023.0,999.99,14.0,16.0,0,0,1,0,0,1,0,1
4.5,2022.0,1352.99,16.0,16.0,0,0,1,0,0,1,0,1
4.4,2021.0,369.0,13.3,8.0,0,0,1,1,0,0,1,0
4.6,2022.0,549.99,12.4,8.0,0,0,1,0,0,1,1,0
4.6,2022.0,549.99,12.4,8.0,0,0,1,0,0,1,1,0
4.2,2022.0,199.99,14.0,4.0,0,0,1,0,0,1,1,0
4.5,2022.0,1499.99,15.6,16.0,0,0,1,0,0,1,0,1
4.1,2023.0,949.99,15.6,16.0,0,0,1,0,0,1,0,1
4.2,2022.0,199.99,14.0,4.0,0,0,1,0,0,1,1,0
4.5,2023.0,679.99,14.0,8.0,0,0,1,0,0,1,1,0
4.6,2022.0,449.0,12.4,4.0,0,0,1,1,0,0,1,0
3.9,2022.0,1699.99,13.4,32.0,0,0,1,0,0,1,0,1
4.6,2022.0,549.99,12.4,8.0,0,0,1,0,0,1,1,0
4.7,2023.0,1699.99,16.0,16.0,0,0,1,0,0,1,0,1
4.3,2022.0,1303.99,13.4,16.0,0,0,1,0,0,1,0,1
4.6,2023.0,1649.99,16.0,16.0,0,0,1,0,0,1,0,1
4.5,2021.0,534.99,13.3,8.0,0,0,1,1,0,0,0,1
4.6,2022.0,1800.99,15.6,16.0,0,0,1,0,0,1,0,1
5.0,2023.0,1891.99,17.0,32.0,0,0,1,0,0,1,0,1
4.3,2022.0,599.99,14.0,8.0,0,0,1,0,0,1,1,0
4.8,2023.0,699.99,13.3,8.0,0,0,1,0,0,1,0,1
5.0,2021.0,899.99,17.3,16.0,0,1,0,0,0,1,0,1
4.6,2023.0,749.99,14.0,8.0,0,0,1,0,0,1,0,1
4.7,2023.0,1049.99,14.0,16.0,0,0,1,0,0,1,0,1
3.0,2020.0,1106.89,15.6,32.0,0,0,1,0,0,1,0,1
4.5,2023.0,949.99,14.0,16.0,0,0,1,0,0,1,0,1
4.8,2023.0,549.99,16.0,8.0,0,0,1,0,0,1,0,1
4.5,2022.0,2099.99,17.0,16.0,0,0,1,0,0,1,0,1
4.5,2022.0,248.99,15.6,4.0,0,0,1,1,0,0,1,0
4.5,2022.0,599.99,15.6,8.0,0,0,1,0,0,1,1,0
1.0,2022.0,647.12,14.0,16.0,0,0,1,0,0,1,0,1
4.8,2023.0,319.0,14.0,4.0,0,0,1,1,0,0,1,0
3.9,2022.0,709.99,17.3,8.0,0,0,1,0,0,1,1,0
4.0,2022.0,165.99,11.6,8.0,0,0,1,0,0,1,1,0
5.0,2022.0,122.99,14.0,4.0,0,0,1,0,0,1,1,0
4.3,2022.0,500.99,13.3,8.0,0,0,1,0,0,1,0,1
4.6,2022.0,1699.99,16.0,16.0,0,0,1,0,0,1,0,1
4.8,2022.0,1099.0,13.3,8.0,1,0,0,0,1,0,0,1
4.9,2022.0,1299.0,13.3,8.0,1,0,0,0,1,0,0,1
5.0,2023.0,1299.0,15.0,8.0,1,0,0,0,1,0,0,1
4.8,2023.0,1349.99,14.0,16.0,0,0,1,0,0,1,0,1
4.8,2022.0,1299.0,13.6,8.0,1,0,0,0,1,0,0,1
4.5,2023.0,1499.99,15.6,16.0,0,0,1,0,0,1,0,1
4.6,2022.0,549.99,12.4,8.0,0,0,1,0,0,1,1,0
4.9,2023.0,1499.0,15.0,8.0,1,0,0,0,1,0,0,1
4.5,2023.0,2799.99,16.0,32.0,0,0,1,0,0,1,0,1
4.8,2023.0,1149.99,15.6,16.0,0,0,1,0,0,1,0,1
4.9,2023.0,2699.0,16.2,16.0,1,0,0,0,1,0,0,1
4.8,2023.0,2299.0,14.2,16.0,1,0,0,0,1,0,0,1
4.9,2023.0,2499.0,16.2,16.0,1,0,0,0,1,0,0,1
4.7,2023.0,1199.99,16.0,16.0,0,0,1,0,0,1,0,1
4.7,2023.0,1149.99,16.1,16.0,0,1,0,0,0,1,0,1
4.8,2023.0,319.0,14.0,4.0,0,0,1,1,0,0,1,0
4.6,2023.0,399.0,15.6,8.0,0,0,1,1,0,0,1,0
4.2,2022.0,199.99,14.0,4.0,0,0,1,0,0,1,1,0
4.5,2022.0,269.0,15.6,4.0,0,0,1,1,0,0,1,0
4.5,2023.0,1749.99,16.0,16.0,0,0,1,0,0,1,0,1
4.4,2022.0,1199.99,15.6,16.0,0,1,0,0,0,1,0,1
4.6,2021.0,1799.99,14.4,16.0,0,0,1,0,0,1,0,1
4.7,2023.0,1399.99,14.0,16.0,0,0,1,0,0,1,0,1
4.7,2023.0,899.99,16.0,16.0,0,0,1,0,0,1,0,1
4.8,2023.0,1349.99,15.6,16.0,0,0,1,0,0,1,0,1
4.8,2023.0,1149.99,15.6,16.0,0,0,1,0,0,1,0,1
4.6,2022.0,1499.99,15.0,16.0,0,0,1,0,0,1,0,1
4.3,2022.0,1100.99,16.0,16.0,0,0,1,0,0,1,0,1
4.6,2023.0,399.0,15.6,8.0,0,0,1,1,0,0,1,0
4.7,2023.0,1499.99,13.5,16.0,0,0,1,0,0,1,0,1
4.8,2023.0,1349.99,15.6,16.0,0,0,1,0,0,1,0,1
4.7,2022.0,948.0,13.5,8.0,0,0,1,0,0,1,0,1
4.7,2022.0,599.99,12.4,8.0,0,0,1,0,0,1,1,0
4.7,2023.0,919.99,15.6,8.0,0,0,1,0,0,1,0,1
4.7,2023.0,749.99,16.0,8.0,0,0,1,0,0,1,0,1
4.6,2022.0,189.0,14.0,4.0,0,0,1,1,0,0,1,0
4.4,2023.0,1999.99,16.0,32.0,0,1,0,0,0,1,0,1
4.7,2023.0,479.0,15.6,8.0,0,0,1,1,0,0,1,0
4.7,2022.0,289.0,15.6,4.0,0,0,1,1,0,0,1,0
4.5,2023.0,1229.99,16.0,16.0,0,0,1,0,0,1,0,1
4.5,2023.0,1799.99,16.0,16.0,0,0,1,0,0,1,0,1
4.8,2023.0,1149.99,15.6,16.0,0,0,1,0,0,1,0,1
4.5,2021.0,749.99,13.5,8.0,0,0,1,0,0,1,0,1
4.5,2022.0,269.0,15.6,4.0,0,0,1,1,0,0,1,0
4.8,2022.0,1099.99,15.0,8.0,0,0,1,0,0,1,0,1
4.5,2023.0,599.99,13.3,8.0,0,0,1,0,0,1,0,1
4.5,2022.0,559.99,14.0,8.0,0,0,1,0,0,1,0,1
4.8,2023.0,1799.99,15.6,16.0,0,0,1,0,0,1,0,1
4.6,2022.0,1149.99,13.3,16.0,0,0,1,0,0,1,0,1
4.3,2022.0,258.99,15.6,8.0,0,0,1,1,0,0,1,0
4.8,2023.0,1149.99,16.0,16.0,0,0,1,0,0,1,0,1
5.0,2023.0,3499.0,16.2,32.0,1,0,0,0,1,0,0,1
4.5,2022.0,379.0,10.9,4.0,0,0,1,1,0,0,1,0
4.5,2022.0,549.0,16.0,8.0,0,0,1,1,0,0,0,1
4.8,2023.0,1999.99,16.0,16.0,0,0,1,0,0,1,0,1
4.6,2021.0,929.99,12.3,8.0,0,0,1,0,0,1,0,1
4.3,2022.0,2099.99,15.6,32.0,0,1,0,0,0,1,0,1
4.8,2023.0,1249.99,13.3,16.0,0,0,1,0,0,1,0,1
4.5,2022.0,249.0,11.6,4.0,0,0,1,1,0,0,1,0
4.8,2023.0,749.99,16.0,16.0,0,0,1,0,0,1,0,1
4.8,2023.0,899.99,13.3,16.0,0,0,1,0,0,1,0,1
4.8,2023.0,799.99,15.6,8.0,0,0,1,0,0,1,0,1
4.6,2021.0,1199.99,15.0,8.0,0,0,1,0,0,1,0,1
3.8,2023.0,2549.99,18.0,32.0,0,1,0,0,0,1,0,1
4.6,2022.0,449.0,12.4,4.0,0,0,1,1,0,0,1,0
4.6,2023.0,849.99,14.0,8.0,0,0,1,0,0,1,0,1
4.6,2022.0,1800.99,15.6,16.0,0,0,1,0,0,1,0,1
3.0,2023.0,899.99,15.6,8.0,0,0,1,0,0,1,0,1
4.6,2023.0,1399.99,16.0,16.0,0,1,0,0,0,1,0,1
4.4,2023.0,599.99,15.6,8.0,0,0,1,0,0,1,1,0
4.1,2023.0,1599.99,16.0,16.0,0,0,1,0,0,1,0,1
3.7,2023.0,699.99,14.0,8.0,0,0,1,1,0,0,0,1
4.5,2023.0,1199.99,16.0,16.0,0,0,1,0,0,1,0,1
4.6,2022.0,1699.99,13.5,16.0,0,0,1,0,0,1,0,1
4.7,2023.0,1949.99,13.4,32.0,0,0,1,0,0,1,0,1
4.8,2023.0,1349.99,14.0,16.0,0,0,1,0,0,1,0,1
4.6,2022.0,1149.99,13.3,16.0,0,0,1,0,0,1,0,1
4.6,2021.0,499.99,13.0,8.0,1,0,0,0,1,0,0,1
4.5,2021.0,699.0,13.3,8.0,0,0,1,1,0,0,0,1
4.9,2023.0,1699.99,18.0,16.0,0,0,1,0,0,1,0,1
4.8,2022.0,1999.0,15.0,32.0,0,0,1,0,0,1,0,1
4.8,2023.0,699.0,14.0,8.0,0,0,1,1,0,0,0,1
4.5,2022.0,132.99,15.6,4.0,0,0,1,0,0,1,1,0
4.1,2023.0,1249.99,16.1,16.0,0,1,0,0,0,1,0,1
4.5,2022.0,1579.99,16.1,16.0,0,1,0,0,0,1,0,1
4.2,2022.0,1019.99,15.6,16.0,0,0,1,0,0,1,0,1
4.8,2021.0,1998.99,16.2,16.0,1,0,0,0,1,0,0,1
4.2,2023.0,2799.99,15.6,32.0,0,0,1,0,0,1,0,1
4.7,2023.0,899.99,15.6,16.0,0,1,0,0,0,1,0,1
4.6,2023.0,949.99,15.6,8.0,0,0,1,0,0,1,0,1
4.5,2022.0,1199.99,14.0,16.0,0,0,1,0,0,1,0,1
4.7,2021.0,2199.99,14.4,32.0,0,0,1,0,0,1,0,1
5.0,2023.0,799.99,14.0,8.0,0,0,1,0,0,1,0,1
4.1,2023.0,1249.99,16.1,16.0,0,1,0,0,0,1,0,1
4.6,2023.0,1999.99,16.0,16.0,0,1,0,0,0,1,0,1
4.6,2022.0,1199.99,15.0,8.0,0,0,1,0,0,1,0,1
4.7,2022.0,2499.99,15.6,32.0,0,1,0,0,0,1,0,1
4.1,2023.0,1999.99,16.0,16.0,0,1,0,0,0,1,0,1
4.7,2022.0,1299.99,13.5,8.0,0,0,1,0,0,1,0,1
4.5,2023.0,2799.99,16.0,32.0,0,0,1,0,0,1,0,1
4.5,2022.0,899.99,16.0,16.0,0,0,1,0,0,1,0,1
4.4,2022.0,1200.99,14.0,16.0,0,1,0,0,0,1,0,1
4.6,2022.0,699.99,14.0,8.0,0,0,1,0,0,1,0,1
4.2,2022.0,979.99,13.3,8.0,0,0,1,0,0,1,0,1
4.6,2022.0,1352.99,15.6,16.0,0,0,1,0,0,1,0,1
4.4,2021.0,369.0,13.3,8.0,0,0,1,1,0,0,1,0
4.6,2022.0,949.99,13.3,8.0,0,0,1,0,0,1,0,1
4.6,2022.0,649.99,15.6,8.0,0,0,1,0,0,1,0,1
4.5,2021.0,524.99,15.6,8.0,0,0,1,0,0,1,1,0
4.3,2023.0,899.99,15.6,8.0,0,1,0,0,0,1,0,1
4.4,2022.0,384.99,14.0,8.0,0,0,1,1,0,0,0,1
4.7,2023.0,1579.99,16.0,16.0,0,0,1,0,0,1,0,1
3.1,2023.0,2799.99,16.0,16.0,0,1,0,0,0,1,0,1
3.3,2019.0,749.99,13.3,8.0,1,0,0,0,1,0,0,1
4.3,2022.0,1312.99,14.0,16.0,0,0,1,0,0,1,0,1
4.7,2023.0,1949.99,13.4,32.0,0,0,1,0,0,1,0,1
4.6,2021.0,559.99,15.6,8.0,0,0,1,0,0,1,0,1
5.0,2022.0,789.99,15.6,16.0,0,0,1,0,0,1,1,0
4.5,2023.0,2199.99,16.0,16.0,0,0,1,0,0,1,0,1
4.2,2023.0,2699.99,16.0,16.0,0,1,0,0,0,1,0,1
5.0,2023.0,949.99,16.0,16.0,0,0,1,0,0,1,0,1
4.5,2023.0,849.99,15.6,16.0,0,1,0,0,0,1,0,1
3.9,2022.0,989.99,15.6,16.0,0,0,1,0,0,1,0,1
4.2,2022.0,1599.99,16.0,16.0,0,0,1,0,0,1,0,1
4.5,2022.0,399.99,15.6,8.0,0,0,1,0,0,1,0,1
4.7,2022.0,1065.99,17.3,12.0,0,0,1,0,0,1,0,1
4.9,2021.0,2198.99,16.2,16.0,1,0,0,0,1,0,0,1
4.5,2022.0,799.99,15.6,8.0,0,0,1,0,0,1,0,1
4.7,2022.0,799.99,15.6,16.0,0,0,1,0,0,1,0,1
5.0,2023.0,419.99,13.3,8.0,1,0,0,0,1,0,0,1
4.8,2023.0,1999.99,13.3,16.0,0,0,1,0,0,1,1,0
4.5,2023.0,2799.99,16.0,32.0,0,0,1,0,0,1,0,1
4.7,2023.0,919.99,15.6,8.0,0,0,1,0,0,1,0,1
4.5,2021.0,699.99,15.6,16.0,0,0,1,0,0,1,1,0
4.5,2023.0,1099.99,16.0,16.0,0,0,1,0,0,1,0,1
4.1,2022.0,2199.99,15.6,16.0,0,1,0,0,0,1,0,1
4.5,2021.0,699.0,13.3,8.0,0,0,1,1,0,0,0,1
4.7,2023.0,499.0,15.6,8.0,0,0,1,1,0,0,1,0
5.0,2018.0,999.99,15.4,16.0,1,0,0,0,1,0,0,1
4.6,2023.0,1999.99,16.0,16.0,0,1,0,0,0,1,0,1
2.5,2022.0,1099.99,15.6,12.0,0,0,1,0,0,1,0,1
4.5,2022.0,1279.99,13.3,16.0,0,0,1,0,0,1,0,1
5.0,2023.0,949.99,16.0,8.0,0,0,1,0,0,1,0,1
4.3,2022.0,1399.99,16.0,16.0,0,0,1,0,0,1,0,1
4.5,2022.0,379.0,10.9,4.0,0,0,1,1,0,0,1,0
3.0,2023.0,2299.99,16.0,16.0,0,0,1,0,0,1,0,1
4.7,2022.0,565.99,17.3,8.0,0,0,1,0,0,1,1,0
3.9,2022.0,313.99,13.3,8.0,0,0,1,0,0,1,1,0
4.5,2021.0,249.99,14.0,4.0,0,0,1,1,0,0,1,0
4.6,2022.0,949.99,13.3,8.0,0,0,1,0,0,1,0,1
4.8,2023.0,1749.99,13.5,16.0,0,0,1,0,0,1,0,1
4.5,2023.0,1149.99,15.6,8.0,0,0,1,0,0,1,0,1
4.5,2023.0,1749.99,16.0,16.0,0,0,1,0,0,1,0,1
4.0,2022.0,1249.99,14.0,16.0,0,0,1,0,0,1,0,1
4.5,2023.0,1499.99,15.6,16.0,0,0,1,0,0,1,0,1
4.5,2020.0,674.99,13.3,8.0,1,0,0,0,1,0,0,1
4.2,2019.0,566.99,13.3,8.0,1,0,0,0,1,0,0,1
4.2,2022.0,949.99,15.6,8.0,0,0,1,0,0,1,0,1
4.6,2022.0,800.99,15.6,16.0,0,0,1,0,0,1,0,1
4.5,2021.0,1599.99,14.4,16.0,0,0,1,0,0,1,0,1
4.8,2023.0,899.99,13.3,16.0,0,0,1,0,0,1,0,1
4.5,2022.0,104.99,11.6,4.0,0,0,1,1,0,0,1,0
4.0,2023.0,1849.99,16.1,16.0,0,1,0,0,0,1,0,1
4.5,2022.0,2295.99,15.6,32.0,0,0,1,0,0,1,0,1
4.2,2020.0,849.99,13.3,8.0,1,0,0,0,1,0,0,1
4.5,2023.0,1199.99,16.0,16.0,0,0,1,0,0,1,0,1
3.7,2019.0,699.99,13.3,8.0,1,0,0,0,1,0,0,1
4.5,2022.0,750.99,15.6,12.0,0,0,1,0,0,1,0,1
4.0,2023.0,865.99,15.6,16.0,0,0,1,0,0,1,0,1
4.5,2022.0,899.99,14.0,16.0,0,0,1,0,0,1,0,1
4.3,2021.0,499.0,17.3,8.0,0,0,1,1,0,0,0,1
4.4,2021.0,2599.99,14.4,32.0,0,0,1,0,0,1,0,1
4.8,2022.0,899.99,15.6,8.0,0,0,1,0,0,1,1,0
4.7,2023.0,1252.99,14.0,16.0,0,0,1,0,0,1,0,1
4.8,2023.0,1799.99,15.6,16.0,0,0,1,0,0,1,0,1
3.8,2018.0,629.99,13.3,8.0,1,0,0,0,1,0,0,1
4.3,2022.0,599.99,14.0,8.0,0,0,1,0,0,1,1,0
5.0,2020.0,1129.99,13.3,16.0,1,0,0,0,1,0,0,1
4.1,2023.0,1299.99,15.6,16.0,0,0,1,0,0,1,0,1
3.8,2019.0,629.99,13.3,8.0,1,0,0,0,1,0,0,1
5.0,2022.0,759.99,15.6,8.0,0,0,1,0,0,1,0,1
3.5,2023.0,1022.99,15.6,16.0,0,0,1,0,0,1,0,1
5.0,2023.0,2699.99,16.0,32.0,0,1,0,0,0,1,0,1
4.2,2023.0,2699.99,16.0,16.0,0,1,0,0,0,1,0,1
4.0,2021.0,175.99,14.0,4.0,0,0,1,0,0,1,1,0
5.0,2022.0,1749.99,14.0,16.0,0,0,1,0,0,1,0,1
1.0,2022.0,2199.99,16.0,32.0,0,1,0,0,0,1,0,1
4.6,2022.0,1079.99,16.0,16.0,0,0,1,0,0,1,0,1
4.9,2021.0,1599.99,14.2,16.0,1,0,0,0,1,0,0,1
3.0,2022.0,1149.99,15.6,16.0,0,0,1,0,0,1,0,1
3.7,2023.0,699.99,14.0,8.0,0,0,1,1,0,0,0,1
4.2,2022.0,699.99,13.3,16.0,0,0,1,0,0,1,0,1
4.5,2022.0,1434.99,13.5,16.0,0,0,1,0,0,1,0,1
5.0,2019.0,1599.99,16.0,16.0,1,0,0,0,1,0,0,1
4.3,2022.0,1999.99,14.0,16.0,0,1,0,0,0,1,0,1
4.8,2023.0,699.0,14.0,8.0,0,0,1,1,0,0,0,1
4.5,2022.0,800.99,14.0,16.0,0,0,1,0,0,1,0,1
3.4,2022.0,249.99,14.0,4.0,0,0,1,0,0,1,1,0
4.5,2022.0,480.99,15.6,8.0,0,0,1,0,0,1,1,0
4.3,2022.0,2099.99,15.6,16.0,0,1,0,0,0,1,0,1
3.0,2022.0,1799.99,15.6,16.0,0,1,0,0,0,1,0,1
4.5,2022.0,480.99,17.3,8.0,0,0,1,0,0,1,1,0
5.0,2022.0,659.99,15.6,8.0,0,0,1,0,0,1,0,1
4.6,2023.0,4499.99,18.0,32.0,0,1,0,0,0,1,0,1
4.5,2023.0,279.0,12.2,4.0,0,0,1,1,0,0,1,0
4.4,2022.0,899.99,15.6,8.0,0,0,1,0,0,1,0,1
4.3,2018.0,399.99,14.0,8.0,0,0,1,0,0,1,1,0
4.8,2020.0,674.99,13.3,8.0,1,0,0,0,1,0,0,1
5.0,2023.0,2149.99,16.0,32.0,0,0,1,0,0,1,0,1
4.8,2021.0,2602.99,16.2,32.0,1,0,0,0,1,0,0,1
4.7,2022.0,709.99,15.6,8.0,0,0,1,0,0,1,0,1
4.0,2020.0,298.85,14.0,8.0,0,0,1,0,0,1,0,1
4.8,2021.0,367.99,15.6,8.0,0,0,1,0,0,1,0,1
5.0,2019.0,410.99,14.0,8.0,0,0,1,0,0,1,0,1
3.9,2022.0,499.99,14.0,8.0,0,0,1,1,0,0,0,1
3.5,2022.0,799.99,16.0,16.0,0,0,1,0,0,1,0,1
4.4,2022.0,1949.99,16.0,16.0,0,0,1,0,0,1,0,1
3.9,2022.0,1699.99,13.4,32.0,0,0,1,0,0,1,0,1
4.0,2022.0,3099.99,17.3,32.0,0,1,0,0,0,1,0,1
4.0,2023.0,1449.99,16.0,16.0,0,0,1,0,0,1,0,1
4.1,2020.0,468.99,14.0,16.0,0,0,1,0,0,1,0,1
5.0,2023.0,949.99,16.0,16.0,0,0,1,0,0,1,0,1
4.5,2022.0,545.99,17.3,8.0,0,0,1,0,0,1,1,0
4.8,2020.0,674.99,13.3,8.0,1,0,0,0,1,0,0,1
4.7,2022.0,599.99,16.0,8.0,0,0,1,0,0,1,0,1
5.0,2023.0,1149.99,15.4,16.0,1,0,0,0,1,0,0,1
5.0,2023.0,2999.99,16.0,16.0,0,1,0,0,0,1,0,1
5.0,2019.0,849.99,13.3,8.0,1,0,0,0,1,0,0,1
4.3,2022.0,2099.99,15.6,16.0,0,1,0,0,0,1,0,1
3.0,2018.0,494.25,14.0,32.0,0,0,1,0,0,1,1,0
5.0,2022.0,769.99,13.3,8.0,0,0,1,0,0,1,0,1
4.5,2022.0,663.99,14.0,8.0,0,0,1,0,0,1,0,1
4.4,2021.0,401.99,15.6,8.0,0,0,1,0,0,1,1,0
5.0,2022.0,1349.99,17.3,16.0,0,1,0,0,0,1,0,1
4.3,2021.0,1259.99,13.4,16.0,0,1,0,0,0,1,0,1
4.6,2022.0,1000.99,15.6,16.0,0,0,1,0,0,1,0,1
4.6,2022.0,1479.99,16.1,16.0,0,1,0,0,0,1,0,1
4.4,2022.0,125.99,14.0,4.0,0,0,1,0,0,1,1,0
4.5,2022.0,674.99,15.6,8.0,0,0,1,0,0,1,1,0
3.4,2022.0,1499.99,16.0,16.0,0,1,0,0,0,1,0,1
3.5,2020.0,849.99,15.0,16.0,1,0,0,0,1,0,0,1
3.5,2022.0,1999.99,15.6,16.0,0,1,0,0,0,1,0,1
4.1,2020.0,999.0,13.3,8.0,0,0,1,1,0,0,0,1
4.4,2022.0,2699.99,15.6,16.0,0,1,0,0,0,1,0,1
4.7,2022.0,1699.99,16.1,16.0,0,1,0,0,0,1,0,1
4.5,2022.0,250.99,15.6,8.0,0,0,1,0,0,1,1,0
4.6,2022.0,1649.99,15.6,16.0,0,0,1,0,0,1,0,1
4.5,2022.0,1799.99,17.0,16.0,0,0,1,0,0,1,0,1
4.5,2021.0,431.99,15.6,8.0,0,0,1,0,0,1,1,0
5.0,2022.0,469.99,17.3,4.0,0,0,1,0,0,1,1,0
4.2,2020.0,1149.99,13.3,16.0,1,0,0,0,1,0,0,1
4.6,2021.0,929.99,12.3,8.0,0,0,1,0,0,1,0,1
4.2,2018.0,569.99,13.3,8.0,1,0,0,0,1,0,0,1
4.6,2022.0,1649.99,15.6,16.0,0,0,1,0,0,1,0,1
4.6,2021.0,1199.99,17.3,16.0,0,1,0,0,0,1,0,1
3.0,2023.0,899.99,15.6,8.0,0,0,1,0,0,1,0,1
4.9,2021.0,379.99,14.0,16.0,0,0,1,0,0,1,0,1
3.2,2018.0,539.99,13.3,8.0,1,0,0,0,1,0,0,1
4.7,2022.0,909.99,15.6,16.0,0,0,1,0,0,1,0,1
1.0,2019.0,1399.99,15.4,16.0,1,0,0,0,1,0,0,1
3.6,2022.0,1472.99,16.0,16.0,0,0,1,0,0,1,0,1
5.0,2022.0,974.99,15.6,16.0,0,0,1,0,0,1,1,0
4.8,2020.0,829.99,13.3,8.0,1,0,0,0,1,0,0,1
4.7,2022.0,1999.99,14.0,16.0,0,1,0,0,0,1,0,1
4.4,2022.0,909.99,15.6,16.0,0,0,1,0,0,1,0,1
4.7,2022.0,1299.99,13.5,8.0,0,0,1,0,0,1,0,1
4.4,2019.0,1199.99,16.0,16.0,1,0,0,0,1,0,0,1
3.0,2022.0,1399.99,16.0,16.0,0,1,0,0,0,1,0,1
4.7,2023.0,1368.99,14.0,16.0,0,0,1,0,0,1,0,1
4.7,2023.0,1699.99,16.0,16.0,0,0,1,0,0,1,0,1
4.5,2022.0,1519.99,17.3,16.0,0,1,0,0,0,1,0,1
3.3,2022.0,909.99,15.6,16.0,0,0,1,0,0,1,1,0
4.4,2019.0,1199.99,16.0,16.0,1,0,0,0,1,0,0,1
3.7,2019.0,415.99,13.3,8.0,0,0,1,0,0,1,0,1
3.7,2019.0,609.99,14.0,32.0,0,0,1,0,0,1,0,1
3.7,2018.0,999.99,15.4,16.0,1,0,0,0,1,0,0,1
3.4,2023.0,3599.99,16.0,32.0,0,1,0,0,0,1,0,1
3.0,2019.0,1099.99,15.4,16.0,1,0,0,0,1,0,0,1
4.0,2018.0,649.99,13.3,8.0,1,0,0,0,1,0,0,1
4.5,2022.0,2099.99,17.0,16.0,0,0,1,0,0,1,0,1
3.2,2018.0,599.99,13.3,8.0,1,0,0,0,1,0,0,1
4.7,2022.0,599.99,12.4,8.0,0,0,1,0,0,1,1,0
2.0,2018.0,639.99,14.0,16.0,0,0,1,0,0,1,1,0
4.0,2020.0,339.99,14.0,8.0,0,0,1,0,0,1,0,1
2.8,2023.0,4299.99,16.0,32.0,0,1,0,0,0,1,0,1
5.0,2019.0,475.99,13.3,16.0,0,0,1,0,0,1,1,0
3.6,2019.0,1399.99,16.0,16.0,1,0,0,0,1,0,0,1
3.3,2019.0,749.99,13.3,8.0,1,0,0,0,1,0,0,1
4.3,2023.0,1549.99,14.0,32.0,0,0,1,0,0,1,0,1
4.8,2022.0,1999.0,15.0,32.0,0,0,1,0,0,1,0,1
1.0,2022.0,3349.99,17.0,32.0,0,1,0,0,0,1,0,1
5.0,2018.0,536.99,14.0,32.0,0,0,1,0,0,1,1,0
4.0,2020.0,512.99,13.3,8.0,1,0,0,0,1,0,0,1
4.0,2018.0,679.99,13.3,8.0,1,0,0,0,1,0,0,1
3.3,2018.0,529.99,13.3,8.0,1,0,0,0,1,0,0,1
2.5,2021.0,898.99,13.3,16.0,0,0,1,0,0,1,0,1
4.7,2021.0,468.99,14.0,16.0,0,0,1,0,0,1,1,0
4.2,2020.0,949.99,13.3,8.0,1,0,0,0,1,0,0,1
5.0,2023.0,1786.99,17.0,16.0,0,0,1,0,0,1,0,1
4.5,2022.0,1279.99,16.0,16.0,0,0,1,0,0,1,0,1
4.1,2020.0,464.99,14.0,16.0,0,0,1,0,0,1,0,1
4.6,2023.0,1999.99,16.0,16.0,0,1,0,0,0,1,0,1
4.6,2022.0,2019.99,15.6,16.0,0,0,1,0,0,1,0,1
4.5,2018.0,291.99,14.0,16.0,0,0,1,0,0,1,1,0
4.7,2023.0,1579.99,16.0,16.0,0,0,1,0,0,1,0,1
2.0,2022.0,799.99,14.0,16.0,0,0,1,0,0,1,0,1
3.7,2022.0,2119.99,16.0,32.0,0,0,1,0,0,1,0,1
4.2,2022.0,949.99,15.6,8.0,0,0,1,0,0,1,0,1
4.3,2021.0,353.99,14.0,8.0,0,0,1,0,0,1,1,0
4.0,2021.0,756.99,15.6,16.0,0,0,1,0,0,1,0,1
3.3,2021.0,431.99,15.6,16.0,0,0,1,0,0,1,1,0
3.0,2022.0,949.99,14.0,8.0,0,0,1,0,0,1,0,1
5.0,2020.0,654.99,15.6,16.0,0,0,1,0,0,1,0,1
4.5,2021.0,1599.99,14.4,16.0,0,0,1,0,0,1,0,1
3.0,2018.0,384.99,13.3,16.0,0,0,1,0,0,1,0,1
5.0,2023.0,1149.99,17.3,16.0,0,1,0,0,0,1,0,1
5.0,2023.0,1599.99,13.4,32.0,0,1,0,0,0,1,0,1
4.6,2022.0,1699.99,13.5,16.0,0,0,1,0,0,1,0,1
5.0,2019.0,590.99,14.0,32.0,0,0,1,0,0,1,0,1
4.7,2021.0,2199.99,14.4,32.0,0,0,1,0,0,1,0,1
4.2,2020.0,999.99,13.3,16.0,1,0,0,0,1,0,0,1
4.0,2020.0,512.99,13.3,8.0,1,0,0,0,1,0,0,1
1.0,2021.0,767.99,14.0,16.0,0,0,1,0,0,1,0,1
4.7,2022.0,1169.99,14.0,16.0,0,0,1,0,0,1,0,1
4.4,2021.0,2599.99,14.4,32.0,0,0,1,0,0,1,0,1
4.4,2022.0,2099.99,15.6,16.0,0,0,1,0,0,1,0,1
5.0,2022.0,869.99,15.6,8.0,0,0,1,0,0,1,0,1
3.5,2023.0,999.99,15.6,8.0,0,1,0,0,0,1,0,1
4.9,2023.0,1699.99,18.0,16.0,0,0,1,0,0,1,0,1
4.3,2022.0,1699.99,16.0,16.0,0,0,1,0,0,1,0,1
4.1,2020.0,999.0,13.3,8.0,0,0,1,1,0,0,0,1
4.5,2022.0,1099.99,15.6,16.0,0,0,1,0,0,1,0,1
4.7,2022.0,799.99,12.4,8.0,0,0,1,0,0,1,1,0
3.9,2023.0,2999.99,17.3,32.0,0,1,0,0,0,1,0,1
4.3,2019.0,1129.99,16.0,16.0,1,0,0,0,1,0,0,1
4.3,2020.0,877.99,13.3,8.0,1,0,0,0,1,0,0,1
4.8,2022.0,834.99,15.6,16.0,0,0,1,0,0,1,1,0
4.0,2023.0,1449.99,16.0,16.0,0,0,1,0,0,1,0,1
4.1,2022.0,3059.99,17.3,32.0,0,1,0,0,0,1,0,1
5.0,2018.0,384.99,13.3,16.0,0,0,1,0,0,1,0,1
3.7,2020.0,1059.99,13.0,16.0,1,0,0,0,1,0,0,1
4.8,2023.0,3999.99,17.3,64.0,0,1,0,0,0,1,0,1
4.5,2022.0,503.99,15.6,12.0,0,0,1,0,0,1,1,0
5.0,2022.0,1019.99,14.0,16.0,0,0,1,0,0,1,0,1
3.8,2022.0,1999.99,14.0,16.0,0,1,0,0,0,1,0,1
4.8,2023.0,3999.99,17.3,64.0,0,1,0,0,0,1,0,1
2.0,2022.0,899.99,14.0,16.0,0,1,0,0,0,1,0,1
3.8,2019.0,689.99,13.3,8.0,1,0,0,0,1,0,0,1
4.3,2019.0,1129.99,16.0,16.0,1,0,0,0,1,0,0,1
4.5,2022.0,688.99,16.0,16.0,0,0,1,0,0,1,0,1
4.8,2020.0,674.99,13.3,8.0,1,0,0,0,1,0,0,1
4.0,2020.0,512.99,13.3,8.0,1,0,0,0,1,0,0,1
3.9,2022.0,1399.99,16.0,16.0,0,1,0,0,0,1,0,1
4.7,2023.0,1579.99,16.0,16.0,0,0,1,0,0,1,0,1
4.9,2021.0,1998.99,14.2,16.0,1,0,0,0,1,0,0,1
5.0,2022.0,1799.99,14.0,16.0,0,1,0,0,0,1,0,1
5.0,2022.0,1939.99,16.0,32.0,0,0,1,0,0,1,0,1
5.0,2020.0,353.99,14.0,16.0,0,0,1,0,0,1,1,0
4.0,2023.0,1299.99,15.6,8.0,0,1,0,0,0,1,0,1
4.4,2023.0,1999.99,16.0,32.0,0,1,0,0,0,1,0,1
4.0,2023.0,1399.99,16.0,16.0,0,0,1,0,0,1,0,1
4.0,2023.0,2799.99,14.0,32.0,0,1,0,0,0,1,0,1
5.0,2023.0,5299.99,17.3,128.0,0,1,0,0,0,1,0,1
3.0,2022.0,819.99,15.6,8.0,0,0,1,0,0,1,1,0
4.8,2023.0,1799.99,15.0,16.0,0,0,1,0,0,1,0,1
4.2,2019.0,566.99,13.3,8.0,1,0,0,0,1,0,0,1
4.3,2020.0,309.99,14.0,16.0,0,0,1,0,0,1,0,1
5.0,2022.0,699.99,14.0,16.0,0,1,0,0,0,1,0,1
4.7,2022.0,436.99,15.6,4.0,0,0,1,0,0,1,0,1
4.6,2022.0,170.99,11.6,4.0,0,0,1,1,0,0,1,0
3.1,2023.0,2799.99,16.0,16.0,0,1,0,0,0,1,0,1
4.2,2019.0,566.99,13.3,8.0,1,0,0,0,1,0,0,1
4.8,2021.0,1799.99,17.3,32.0,0,1,0,0,0,1,1,0
3.9,2023.0,2999.99,17.3,32.0,0,1,0,0,0,1,0,1
4.5,2019.0,799.99,13.3,8.0,1,0,0,0,1,0,0,1
4.0,2023.0,999.99,15.6,8.0,0,1,0,0,0,1,0,1
3.2,2022.0,1999.99,15.6,16.0,0,1,0,0,0,1,0,1
4.0,2021.0,1399.99,15.6,8.0,0,0,1,0,0,1,0,1
4.5,2022.0,1439.99,17.0,16.0,0,0,1,0,0,1,0,1
3.3,2023.0,3299.99,16.0,32.0,0,1,0,0,0,1,0,1
4.5,2020.0,674.99,13.3,8.0,1,0,0,0,1,0,0,1
2.0,2020.0,999.99,13.3,8.0,1,0,0,0,1,0,0,1
4.6,2023.0,629.99,15.6,8.0,0,0,1,0,0,1,0,1
3.0,2023.0,3890.99,17.3,64.0,0,1,0,0,0,1,0,1
4.0,2018.0,699.99,13.3,8.0,1,0,0,0,1,0,0,1
4.4,2022.0,1299.99,17.3,16.0,0,1,0,0,0,1,0,1
1.0,2022.0,739.99,15.6,8.0,0,0,1,0,0,1,1,0
4.5,2023.0,793.99,15.6,8.0,0,0,1,0,0,1,0,1
4.0,2022.0,2299.99,17.3,16.0,0,1,0,0,0,1,0,1
3.7,2021.0,526.99,14.0,16.0,0,0,1,0,0,1,1,0
4.0,2022.0,1499.99,14.0,16.0,0,0,1,0,0,1,0,1
1.0,2022.0,1149.99,16.0,16.0,0,0,1,0,0,1,0,1
3.0,2022.0,1519.99,15.6,16.0,0,0,1,0,0,1,0,1
4.4,2022.0,149.0,14.0,4.0,0,0,1,1,0,0,1,0
4.5,2020.0,399.99,14.0,4.0,0,0,1,0,0,1,1,0
4.5,2021.0,699.0,14.0,8.0,0,0,1,1,0,0,0,1
4.7,2023.0,899.99,16.0,16.0,0,0,1,0,0,1,0,1
4.2,2020.0,409.99,14.0,8.0,0,0,1,0,0,1,0,1
4.3,2020.0,268.99,15.6,4.0,0,0,1,1,0,0,1,0
3.7,2022.0,1699.99,16.0,32.0,0,1,0,0,0,1,0,1
1.0,2021.0,849.99,14.0,8.0,0,0,1,0,0,1,0,1
4.7,2022.0,879.99,14.0,16.0,0,0,1,0,0,1,0,1
4.7,2023.0,479.99,15.6,8.0,0,0,1,0,0,1,0,1
3.7,2019.0,729.99,13.3,8.0,1,0,0,0,1,0,0,1
4.6,2022.0,525.99,13.3,8.0,0,0,1,0,0,1,0,1
3.5,2022.0,1399.99,16.0,16.0,0,1,0,0,0,1,0,1
3.0,2018.0,649.99,13.3,8.0,1,0,0,0,1,0,0,1
4.7,2022.0,429.99,15.6,8.0,0,0,1,0,0,1,1,0
5.0,2019.0,598.99,13.3,8.0,1,0,0,0,1,0,0,1
4.0,2020.0,556.99,15.6,16.0,0,0,1,0,0,1,1,0
2.8,2023.0,1299.99,16.0,16.0,0,0,1,0,0,1,0,1
5.0,2022.0,799.99,14.0,16.0,0,0,1,0,0,1,0,1
4.5,2022.0,1049.99,13.4,32.0,0,0,1,0,0,1,0,1
4.0,2023.0,3799.99,18.0,32.0,0,1,0,0,0,1,0,1
4.9,2022.0,479.99,15.6,4.0,0,0,1,0,0,1,0,1
3.0,2020.0,619.99,13.3,8.0,1,0,0,0,1,0,0,1
4.0,2022.0,849.99,14.0,16.0,0,1,0,0,0,1,0,1
2.5,2023.0,1999.99,17.3,32.0,0,1,0,0,0,1,0,1
3.6,2019.0,1399.99,16.0,16.0,1,0,0,0,1,0,0,1
4.0,2021.0,900.99,15.0,8.0,0,0,1,0,0,1,0,1
4.8,2019.0,499.99,13.3,16.0,0,0,1,0,0,1,0,1
4.7,2022.0,429.99,15.6,8.0,0,0,1,0,0,1,1,0
5.0,2021.0,929.99,14.0,16.0,0,0,1,0,0,1,0,1
3.3,2020.0,606.99,14.0,12.0,0,0,1,0,0,1,0,1
4.0,2019.0,699.99,13.3,8.0,1,0,0,0,1,0,0,1
5.0,2022.0,1299.99,13.4,32.0,0,1,0,0,0,1,0,1
4.7,2023.0,999.99,14.0,16.0,0,0,1,0,0,1,0,1
3.0,2023.0,1575.99,15.0,32.0,0,0,1,0,0,1,0,1
5.0,2022.0,2699.99,14.0,16.0,0,1,0,0,0,1,0,1
4.6,2022.0,549.99,12.4,8.0,0,0,1,0,0,1,1,0
5.0,2022.0,1329.99,14.0,16.0,0,0,1,0,0,1,0,1
4.3,2023.0,1399.99,14.0,16.0,0,0,1,0,0,1,0,1
4.7,2023.0,499.0,15.6,8.0,0,0,1,1,0,0,1,0
5.0,2022.0,807.99,16.0,32.0,0,0,1,0,0,1,0,1
4.8,2020.0,674.99,13.3,8.0,1,0,0,0,1,0,0,1
3.7,2019.0,609.99,13.3,32.0,0,0,1,0,0,1,0,1
5.0,2019.0,360.99,13.3,16.0,0,0,1,0,0,1,1,0
4.3,2023.0,1499.99,14.0,16.0,0,0,1,0,0,1,0,1
2.8,2018.0,799.99,13.3,8.0,1,0,0,0,1,0,0,1
4.8,2021.0,2699.99,15.6,32.0,0,0,1,0,0,1,0,1
3.9,2020.0,445.99,14.0,16.0,0,0,1,0,0,1,1,0
5.0,2023.0,699.99,14.0,16.0,0,1,0,0,0,1,0,1
4.6,2022.0,549.99,12.4,8.0,0,0,1,0,0,1,1,0
3.0,2018.0,679.99,14.0,32.0,0,0,1,0,0,1,1,0
3.3,2020.0,306.99,14.0,16.0,0,0,1,0,0,1,0,1
4.6,2023.0,399.0,15.6,8.0,0,0,1,1,0,0,1,0
5.0,2019.0,366.99,15.6,8.0,0,0,1,0,0,1,1,0
1.5,2023.0,2499.99,15.6,32.0,0,1,0,0,0,1,0,1
4.7,2022.0,1472.99,14.0,16.0,0,0,1,0,0,1,0,1
2.0,2023.0,1979.99,17.3,16.0,0,1,0,0,0,1,0,1
4.4,2021.0,1449.0,14.0,16.0,0,0,1,0,0,1,0,1
4.5,2022.0,249.0,14.0,4.0,0,0,1,1,0,0,1,0
3.0,2020.0,349.99,14.0,8.0,0,0,1,0,0,1,1,0
4.7,2023.0,1149.99,16.1,16.0,0,1,0,0,0,1,0,1
4.6,2023.0,399.0,15.6,8.0,0,0,1,1,0,0,1,0
3.6,2019.0,764.99,13.5,8.0,0,0,1,0,0,1,0,1
4.6,2022.0,189.0,14.0,4.0,0,0,1,1,0,0,1,0
4.8,2023.0,699.99,13.3,8.0,0,0,1,0,0,1,0,1
4.2,2022.0,1599.99,16.0,16.0,0,0,1,0,0,1,0,1
4.8,2023.0,1149.99,15.6,16.0,0,0,1,0,0,1,0,1
4.4,2022.0,750.99,17.3,8.0,0,0,1,0,0,1,0,1
4.2,2022.0,1849.99,13.4,16.0,0,0,1,0,0,1,0,1
4.3,2022.0,1599.99,15.6,16.0,0,1,0,0,0,1,0,1
5.0,2018.0,899.99,15.4,16.0,1,0,0,0,1,0,0,1
5.0,2022.0,2349.99,15.6,32.0,0,0,1,0,0,1,0,1
4.5,2022.0,2099.99,17.0,16.0,0,0,1,0,0,1,0,1
4.5,2022.0,1049.99,14.0,32.0,0,1,0,0,0,1,0,1
3.0,2018.0,649.99,13.3,8.0,1,0,0,0,1,0,0,1
4.8,2023.0,1799.99,17.0,16.0,0,0,1,0,0,1,0,1
4.0,2023.0,1782.99,16.0,16.0,0,0,1,0,0,1,0,1
4.8,2021.0,112.99,14.0,4.0,0,0,1,1,0,0,1,0
5.0,2022.0,2499.99,17.3,16.0,0,1,0,0,0,1,0,1
4.5,2021.0,299.99,15.6,8.0,0,0,1,0,0,1,1,0
5.0,2022.0,2499.99,17.3,16.0,0,1,0,0,0,1,0,1
2.0,2022.0,1419.99,14.0,16.0,0,0,1,0,0,1,0,1
5.0,2022.0,2499.99,15.6,32.0,0,1,0,0,0,1,0,1
4.7,2023.0,2199.99,17.3,16.0,0,1,0,0,0,1,0,1
5.0,2023.0,1411.99,16.1,16.0,0,0,1,0,0,1,0,1
5.0,2023.0,999.99,15.6,16.0,0,1,0,0,0,1,0,1
5.0,2022.0,1799.99,15.6,16.0,0,0,1,0,0,1,0,1
3.0,2021.0,1012.99,15.6,16.0,0,0,1,0,0,1,0,1
5.0,2022.0,2199.99,17.3,16.0,0,1,0,0,0,1,0,1
4.8,2020.0,409.99,15.6,16.0,0,0,1,0,0,1,1,0
4.1,2023.0,1249.99,16.1,16.0,0,1,0,0,0,1,0,1
4.5,2022.0,3299.99,17.3,32.0,0,1,0,0,0,1,0,1
4.5,2023.0,1999.99,16.0,32.0,0,1,0,0,0,1,0,1
4.7,2019.0,529.99,13.3,16.0,0,0,1,0,0,1,0,1
1.0,2021.0,1789.99,14.0,16.0,0,0,1,0,0,1,0,1
3.7,2022.0,2499.99,15.6,32.0,0,1,0,0,0,1,0,1
1.0,2023.0,3199.99,18.0,32.0,0,1,0,0,0,1,0,1
3.4,2022.0,1699.99,15.6,16.0,0,1,0,0,0,1,0,1
3.0,2021.0,1699.99,17.3,32.0,0,1,0,0,0,1,0,1
5.0,2022.0,2649.99,17.0,32.0,0,0,1,0,0,1,0,1
4.7,2022.0,1299.99,13.5,8.0,0,0,1,0,0,1,0,1
5.0,2023.0,2799.99,15.6,16.0,0,1,0,0,0,1,0,1
5.0,2022.0,849.99,14.0,16.0,0,0,1,0,0,1,0,1
5.0,2018.0,487.99,14.0,16.0,0,0,1,0,0,1,1,0
5.0,2022.0,2149.99,16.0,32.0,0,1,0,0,0,1,0,1
4.3,2021.0,396.99,14.0,16.0,0,0,1,0,0,1,0,1
2.0,2021.0,379.99,14.0,16.0,0,0,1,0,0,1,0,1
5.0,2022.0,2249.99,17.0,32.0,0,1,0,0,0,1,0,1
5.0,2022.0,2199.99,17.3,16.0,0,1,0,0,0,1,0,1
4.7,2022.0,1729.99,14.0,16.0,0,0,1,0,0,1,0,1
4.2,2022.0,3299.99,17.3,32.0,0,1,0,0,0,1,0,1
5.0,2022.0,1999.99,16.0,16.0,0,1,0,0,0,1,0,1
4.0,2022.0,1299.99,15.6,16.0,0,0,1,0,0,1,0,1
4.0,2018.0,279.99,14.0,8.0,0,0,1,0,0,1,1,0
4.9,2023.0,1349.99,17.3,16.0,0,0,1,0,0,1,0,1
4.0,2023.0,1299.99,15.6,16.0,0,1,0,0,0,1,0,1
1.5,2022.0,899.99,13.4,16.0,0,1,0,0,0,1,0,1
3.0,2022.0,1719.99,16.0,16.0,0,0,1,0,0,1,0,1
3.0,2022.0,1099.99,13.4,16.0,0,0,1,0,0,1,0,1
4.5,2023.0,949.99,14.0,16.0,0,0,1,0,0,1,0,1
5.0,2022.0,1169.99,14.0,16.0,0,0,1,0,0,1,0,1
3.0,2021.0,529.99,15.6,16.0,0,0,1,0,0,1,1,0
4.7,2023.0,1199.99,16.0,16.0,0,0,1,0,0,1,0,1
2.0,2020.0,949.99,13.3,8.0,1,0,0,0,1,0,0,1
4.5,2022.0,912.99,14.0,16.0,0,0,1,0,0,1,0,1
5.0,2022.0,1399.99,14.0,16.0,0,1,0,0,0,1,0,1
4.0,2021.0,440.99,15.6,8.0,0,1,0,0,0,1,0,1
3.6,2019.0,609.99,13.3,32.0,0,0,1,0,0,1,0,1
4.5,2023.0,1749.99,16.0,16.0,0,0,1,0,0,1,0,1
5.0,2022.0,599.99,14.0,8.0,0,0,1,1,0,0,0,1
4.1,2021.0,559.0,14.0,8.0,0,0,1,1,0,0,0,1
4.5,2022.0,1499.99,14.0,16.0,0,0,1,0,0,1,0,1
4.7,2023.0,1499.99,13.5,16.0,0,0,1,0,0,1,0,1
5.0,2022.0,1599.99,15.6,16.0,0,1,0,0,0,1,0,1
4.7,2023.0,919.99,15.6,8.0,0,0,1,0,0,1,0,1
5.0,2022.0,1419.99,15.6,16.0,0,0,1,0,0,1,0,1
2.0,2020.0,949.99,13.3,8.0,1,0,0,0,1,0,0,1
4.0,2022.0,1199.99,14.0,16.0,0,0,1,0,0,1,0,1
5.0,2021.0,589.99,14.0,16.0,0,0,1,0,0,1,1,0
4.0,2022.0,1479.99,13.3,16.0,0,0,1,0,0,1,0,1
2.7,2022.0,1299.99,15.6,16.0,0,1,0,0,0,1,0,1
4.3,2022.0,1100.99,16.0,16.0,0,0,1,0,0,1,0,1
3.5,2023.0,2499.99,15.6,16.0,0,1,0,0,0,1,0,1
5.0,2022.0,1499.99,16.0,16.0,0,1,0,0,0,1,0,1
4.1,2023.0,1999.99,16.0,16.0,0,1,0,0,0,1,0,1
5.0,2020.0,329.99,14.0,8.0,0,0,1,0,0,1,1,0
4.6,2023.0,749.99,14.0,16.0,0,0,1,0,0,1,0,1
5.0,2022.0,2699.99,17.3,16.0,0,1,0,0,0,1,0,1
4.0,2018.0,688.99,14.0,32.0,0,0,1,0,0,1,0,1
4.5,2022.0,1009.99,14.0,16.0,0,0,1,0,0,1,1,0
4.5,2021.0,749.99,13.5,8.0,0,0,1,0,0,1,0,1
3.8,2021.0,799.99,14.0,8.0,0,0,1,0,0,1,0,1
3.7,2021.0,999.99,14.0,16.0,0,0,1,0,0,1,0,1
4.6,2020.0,349.99,14.0,16.0,0,0,1,0,0,1,0,1
4.8,2023.0,1999.99,16.0,16.0,0,0,1,0,0,1,0,1
3.2,2020.0,439.99,15.6,16.0,0,0,1,0,0,1,1,0
4.8,2023.0,699.0,14.0,8.0,0,0,1,1,0,0,0,1
1.0,2022.0,2299.99,15.6,32.0,0,0,1,0,0,1,0,1
5.0,2020.0,1399.99,13.3,16.0,1,0,0,0,1,0,0,1
4.5,2021.0,594.99,13.3,8.0,0,0,1,1,0,0,0,1
3.2,2018.0,569.99,13.3,8.0,1,0,0,0,1,0,1,0
4.7,2022.0,289.0,15.6,4.0,0,0,1,1,0,0,1,0
4.3,2021.0,454.99,14.0,16.0,0,0,1,0,0,1,0,1
3.7,2020.0,959.99,13.0,16.0,1,0,0,0,1,0,0,1
3.7,2023.0,699.99,14.0,8.0,0,0,1,1,0,0,0,1
4.5,2023.0,2199.99,16.0,16.0,0,0,1,0,0,1,0,1
4.5,2022.0,2699.99,17.3,32.0,0,1,0,0,0,1,0,1
4.8,2021.0,629.0,14.0,8.0,0,0,1,1,0,0,0,1
2.0,2020.0,849.99,13.3,8.0,1,0,0,0,1,0,0,1
2.7,2022.0,349.99,14.0,4.0,0,0,1,0,0,1,1,0
5.0,2020.0,1999.99,13.4,16.0,0,1,0,0,0,1,0,1
4.6,2022.0,949.99,15.6,16.0,0,1,0,0,0,1,0,1
5.0,2021.0,2059.99,15.6,16.0,0,1,0,0,0,1,0,1
4.2,2022.0,979.99,13.3,8.0,0,0,1,0,0,1,0,1
4.5,2022.0,1099.99,14.0,16.0,0,0,1,0,0,1,0,1
5.0,2023.0,1999.99,16.0,32.0,0,1,0,0,0,1,0,1
4.3,2022.0,2099.99,15.6,16.0,0,1,0,0,0,1,0,1
4.0,2021.0,2349.99,17.3,16.0,0,1,0,0,0,1,0,1
3.8,2023.0,2899.99,18.0,16.0,0,1,0,0,0,1,0,1
4.0,2022.0,1999.99,14.0,16.0,0,0,1,0,0,1,0,1
3.0,2023.0,899.99,15.6,8.0,0,0,1,0,0,1,0,1
3.0,2022.0,1529.99,13.3,16.0,0,0,1,0,0,1,0,1
4.4,2021.0,1229.0,14.0,16.0,0,0,1,0,0,1,0,1
3.5,2018.0,280.99,14.0,8.0,0,0,1,0,0,1,1,0
4.4,2020.0,327.99,14.0,8.0,0,0,1,0,0,1,1,0
4.8,2020.0,899.99,13.3,8.0,1,0,0,0,1,0,0,1
5.0,2020.0,308.99,14.0,8.0,0,0,1,0,0,1,1,0
4.8,2023.0,1749.99,13.5,16.0,0,0,1,0,0,1,0,1
4.0,2021.0,420.99,14.0,8.0,0,0,1,0,0,1,0,1
4.3,2021.0,499.0,17.3,8.0,0,0,1,1,0,0,0,1
4.5,2019.0,859.99,13.3,8.0,1,0,0,0,1,0,0,1
3.0,2023.0,899.99,15.6,8.0,0,0,1,0,0,1,0,1
5.0,2019.0,420.99,14.0,8.0,0,0,1,0,0,1,0,1
5.0,2018.0,465.99,14.0,16.0,0,0,1,0,0,1,1,0
3.7,2022.0,1939.99,16.0,16.0,0,0,1,0,0,1,0,1
5.0,2019.0,949.99,13.3,8.0,1,0,0,0,1,0,0,1
4.3,2021.0,469.99,14.0,16.0,0,0,1,0,0,1,0,1
4.1,2023.0,949.99,15.6,16.0,0,0,1,0,0,1,0,1
4.0,2019.0,566.66,14.0,16.0,0,0,1,0,0,1,0,1
5.0,2020.0,429.99,11.6,4.0,0,0,1,0,0,1,1,0
4.0,2021.0,1419.99,14.0,16.0,0,0,1,0,0,1,0,1
3.0,2019.0,1199.99,15.4,16.0,1,0,0,0,1,0,0,1
4.4,2020.0,212.99,14.0,4.0,0,0,1,0,0,1,1,0
2.0,2020.0,999.99,13.3,8.0,1,0,0,0,1,0,0,1
5.0,2021.0,1619.99,16.0,32.0,0,1,0,0,0,1,0,1
4.6,2022.0,1699.99,13.5,16.0,0,0,1,0,0,1,0,1
3.0,2020.0,959.99,17.3,32.0,0,0,1,0,0,1,1,0
3.3,2021.0,2399.99,16.0,16.0,0,0,1,0,0,1,0,1
4.8,2021.0,1399.99,14.4,16.0,0,0,1,0,0,1,0,1
5.0,2020.0,1599.99,15.6,16.0,0,1,0,0,0,1,0,1
4.7,2022.0,599.99,12.4,8.0,0,0,1,0,0,1,1,0
2.8,2018.0,699.99,13.3,8.0,1,0,0,0,1,0,0,1
4.3,2019.0,917.99,15.0,8.0,0,0,1,0,0,1,0,1
4.0,2020.0,899.99,14.0,12.0,0,0,1,0,0,1,0,1
5.0,2021.0,199.99,14.0,4.0,0,0,1,1,0,0,1,0
4.6,2022.0,1499.99,15.0,16.0,0,0,1,0,0,1,0,1
4.2,2018.0,329.99,14.0,8.0,0,0,1,0,0,1,1,0
2.2,2020.0,369.99,14.0,16.0,0,0,1,0,0,1,1,0
3.9,2020.0,679.99,15.6,8.0,0,0,1,0,0,1,1,0
1.0,2019.0,994.99,13.5,8.0,0,0,1,0,0,1,0,1
3.8,2018.0,629.99,13.3,8.0,1,0,0,0,1,0,0,1
3.8,2018.0,719.99,13.3,8.0,1,0,0,0,1,0,0,1
4.6,2023.0,1399.99,16.0,16.0,0,1,0,0,0,1,0,1
3.8,2020.0,412.99,15.6,8.0,0,0,1,0,0,1,1,0
4.0,2021.0,720.99,13.5,8.0,0,0,1,0,0,1,0,1
4.6,2023.0,1999.99,16.0,16.0,0,1,0,0,0,1,0,1
5.0,2022.0,1039.99,14.0,16.0,0,0,1,0,0,1,0,1
3.0,2022.0,839.99,14.0,16.0,0,0,1,0,0,1,0,1
4.3,2021.0,2599.99,16.0,16.0,0,0,1,0,0,1,0,1
4.7,2023.0,1579.99,16.0,16.0,0,0,1,0,0,1,0,1
5.0,2021.0,1010.99,16.0,16.0,0,0,1,0,0,1,0,1
4.7,2021.0,2199.99,14.4,32.0,0,0,1,0,0,1,0,1
4.2,2022.0,979.99,16.0,16.0,0,0,1,0,0,1,0,1
4.7,2022.0,799.99,12.4,8.0,0,0,1,0,0,1,1,0
4.5,2021.0,1599.99,14.4,16.0,0,0,1,0,0,1,0,1
5.0,2021.0,1157.99,15.6,16.0,0,0,1,0,0,1,0,1
3.9,2020.0,599.99,15.6,16.0,0,0,1,0,0,1,1,0
5.0,2020.0,949.99,13.3,16.0,1,0,0,0,1,0,0,1
3.0,2019.0,699.99,13.3,8.0,1,0,0,0,1,0,0,1
5.0,2018.0,429.99,14.0,16.0,0,0,1,0,0,1,1,0
3.0,2019.0,699.99,13.0,8.0,1,0,0,0,1,0,0,1
3.3,2018.0,385.99,15.6,8.0,0,0,1,0,0,1,1,0
3.0,2021.0,720.99,13.5,8.0,0,0,1,0,0,1,0,1
5.0,2019.0,994.99,13.5,8.0,0,0,1,0,0,1,0,1
4.6,2021.0,1499.99,13.5,16.0,0,0,1,0,0,1,0,1
4.0,2020.0,483.99,14.0,8.0,0,0,1,0,0,1,0,1
1.0,2020.0,2069.99,15.0,16.0,0,0,1,0,0,1,0,1
4.9,2023.0,1699.99,18.0,16.0,0,0,1,0,0,1,0,1
3.7,2019.0,1147.99,15.0,8.0,0,0,1,0,0,1,0,1
3.0,2020.0,849.99,13.3,8.0,1,0,0,0,1,0,0,1
2.5,2021.0,714.99,13.5,16.0,0,0,1,0,0,1,0,1
4.8,2023.0,3999.99,17.3,64.0,0,1,0,0,0,1,0,1
4.1,2023.0,1299.99,14.0,16.0,0,1,0,0,0,1,0,1
4.8,2023.0,1149.99,16.0,16.0,0,0,1,0,0,1,0,1
4.4,2023.0,1999.99,16.0,32.0,0,1,0,0,0,1,0,1
4.8,2023.0,799.99,15.6,8.0,0,0,1,0,0,1,0,1
4.6,2023.0,629.99,15.6,8.0,0,0,1,0,0,1,0,1
1.0,2018.0,797.99,15.6,32.0,0,0,1,0,0,1,0,1
3.5,2018.0,689.99,14.0,16.0,0,0,1,0,0,1,1,0
4.7,2022.0,429.99,15.6,8.0,0,0,1,0,0,1,1,0
4.7,2023.0,999.99,14.0,16.0,0,0,1,0,0,1,0,1
3.3,2018.0,314.99,14.0,8.0,0,0,1,0,0,1,1,0
3.2,2019.0,307.99,14.0,8.0,0,0,1,0,0,1,1,0
3.0,2020.0,302.29,14.0,8.0,0,0,1,0,0,1,1,0
4.4,2022.0,149.0,14.0,4.0,0,0,1,1,0,0,1,0
3.4,2021.0,224.99,13.3,4.0,1,0,0,0,1,0,0,1
1.0,2021.0,355.99,14.0,8.0,0,0,1,0,0,1,1,0
4.3,2022.0,1303.99,13.4,16.0,0,0,1,0,0,1,0,1
4.4,2022.0,744.99,14.0,8.0,0,0,1,0,0,1,0,1
4.8,2023.0,319.0,14.0,4.0,0,0,1,1,0,0,1,0
2.0,2018.0,329.99,14.0,8.0,0,0,1,0,0,1,1,0
4.7,2023.0,899.99,16.0,16.0,0,0,1,0,0,1,0,1
4.6,2022.0,1800.99,15.6,16.0,0,0,1,0,0,1,0,1
1.0,2018.0,302.29,14.0,8.0,0,0,1,0,0,1,1,0
4.8,2023.0,319.0,14.0,4.0,0,0,1,1,0,0,1,0
4.8,2023.0,549.99,16.0,8.0,0,0,1,0,0,1,0,1
4.5,2022.0,1499.99,15.6,16.0,0,0,1,0,0,1,0,1
4.2,2023.0,2799.99,15.6,32.0,0,0,1,0,0,1,0,1
4.7,2023.0,499.0,15.6,8.0,0,0,1,1,0,0,1,0
4.5,2022.0,249.0,14.0,4.0,0,0,1,1,0,0,1,0
4.5,2022.0,1499.99,15.6,16.0,0,0,1,0,0,1,0,1
4.8,2023.0,699.99,13.3,8.0,0,0,1,0,0,1,0,1
4.7,2023.0,1199.99,16.0,16.0,0,0,1,0,0,1,0,1
4.6,2023.0,899.99,14.5,16.0,0,0,1,0,0,1,0,1
